{
  "python_version": "3.12",
  "dockerfile_lines": [],
  "dependencies": ["."],
  "graphs": {
    "agentic_chat": "./agents/agentic_chat/agent.py:graph",
    "agentic_generative_ui": "./agents/agentic_generative_ui/agent.py:graph",
    "human_in_the_loop": "./agents/human_in_the_loop/agent.py:graph",
    "predictive_state_updates": "./agents/predictive_state_updates/agent.py:graph",
    "shared_state": "./agents/shared_state/agent.py:graph",
    "tool_based_generative_ui": "./agents/tool_based_generative_ui/agent.py:graph"
  },
  "env": ".env"
}
